analysis,variant,season,target_team,target_rule,old,playin,difference,expected_champion_old,expected_champion_playin,field_sum_old,field_sum_playin,beta,h
training window and rating specification,"SRS ratings, 1-season training window",2021,UTAH,this model's strongest team,0.32963603526757473,0.3281450596163005,-0.0014909756512742067,6.221674961410489,6.216718477857573,52.160000000000004,51.472319973217424,0.09791386439298767,0.1875314886342487
training window and rating specification,"SRS ratings, 1-season training window",2022,BOS,this model's strongest team,0.2719295075659498,0.26426594997039843,-0.0076635575955513735,5.743518244762163,5.72125225112646,53.289059897312015,52.63407239690335,0.11535261242074536,0.23867130977764575
training window and rating specification,"SRS ratings, 1-season training window",2023,BOS,this model's strongest team,0.272890523446984,0.27048391583283843,-0.0024066076141455728,4.225025465319307,4.210933497972088,36.989797864464435,38.306444646103984,0.11113392388734289,0.17674080287354063
training window and rating specification,"SRS ratings, 1-season training window",2024,BOS,this model's strongest team,0.562568479393981,0.5685181684715007,0.005949689077519693,8.500447068987633,8.510881284249823,60.64705254588224,59.64007914138933,0.10707414718842598,0.31283629319899947
training window and rating specification,"SRS ratings, 1-season training window",2025,OKC,this model's strongest team,0.5716064335607798,0.592482675712349,0.020876242151569246,10.567981424809584,10.687064587026295,65.52268866602944,64.28163174262791,0.11726928197611478,0.1718646720474552
training window and rating specification,"SRS ratings, 2-season training window",2021,UTAH,this model's strongest team,0.3686344592429393,0.36624214473698485,-0.0023923145059544515,6.459360542280073,6.449187659604523,52.160000000000004,51.67374812722364,0.10818234067291278,0.3178621205145572
training window and rating specification,"SRS ratings, 2-season training window",2022,BOS,this model's strongest team,0.2550039359235556,0.24786809014597158,-0.007135845777583999,5.62032510829957,5.600291905309412,53.289059897312015,52.604307372179726,0.105849173241959,0.21513795883909256
training window and rating specification,"SRS ratings, 2-season training window",2023,BOS,this model's strongest team,0.27809673041835,0.2757667828628215,-0.0023299475555284554,4.255258407401999,4.241470060843909,36.989797864464435,38.29383177437292,0.11304190417458708,0.20467197154700464
training window and rating specification,"SRS ratings, 2-season training window",2024,BOS,this model's strongest team,0.5691445403347771,0.5753489183981549,0.006204378063377813,8.542461617697839,8.553465342329147,60.64705254588224,59.57658984790889,0.10940776324896435,0.24598036978066742
training window and rating specification,"SRS ratings, 2-season training window",2025,OKC,this model's strongest team,0.5625402308398317,0.5828758942103935,0.020335663370561807,10.5065522603309,10.623313762548701,65.52268866602944,64.31718468546144,0.11386048853535373,0.2457387313255598
training window and rating specification,"SRS ratings, 3-season training window",2021,UTAH,this model's strongest team,0.3888833968840647,0.38612359892448,-0.0027597979595846978,6.573678419570365,6.561816496848489,52.160000000000004,51.72011470347235,0.11481986829658332,0.3378049524407281
training window and rating specification,"SRS ratings, 3-season training window",2022,BOS,this model's strongest team,0.26188125561490405,0.25478464187532185,-0.007096613739582203,5.694513501991287,5.673855881666177,53.289059897312015,52.6512611604958,0.11015713326278033,0.2917940451405316
training window and rating specification,"SRS ratings, 3-season training window",2023,BOS,this model's strongest team,0.26715807406329123,0.26478685681504216,-0.002371217248249069,4.191353989264619,4.177919564953632,36.989797864464435,38.29038268953524,0.10765247961534467,0.19999667480768585
training window and rating specification,"SRS ratings, 3-season training window",2024,BOS,this model's strongest team,0.5777229261428682,0.5837762411961143,0.006053315053246022,8.60152164738886,8.611481030444867,60.64705254588224,59.58428924932969,0.11138537378326847,0.24392156856634237
training window and rating specification,"SRS ratings, 3-season training window",2025,OKC,this model's strongest team,0.5567780167077634,0.5775640774459249,0.02078606073816147,10.467250423436589,10.587228451622654,65.52268866602944,64.29603118783103,0.11289078930596157,0.2224923801177229
training window and rating specification,"Bradley-Terry ratings, 1-season training window",2021,UTAH,this model's strongest team,0.21729521608044186,0.21773280144430207,0.0004375853638602101,0.6591972390386682,0.6614410824454376,6.4035236764284305,6.287302953232511,0.8026716245701507,0.184613539635868
training window and rating specification,"Bradley-Terry ratings, 1-season training window",2021,UTAH,baseline SRS strongest team,0.21729521608044186,0.21773280144430207,0.0004375853638602101,0.6591972390386682,0.6614410824454376,6.4035236764284305,6.287302953232511,0.8026716245701507,0.184613539635868
training window and rating specification,"Bradley-Terry ratings, 1-season training window",2022,PHX,this model's strongest team,0.5318480262702346,0.531935945754253,8.791948401831728e-05,0.8441985545273029,0.8454241904737693,6.726550511358202,6.574094687558305,1.0977682664385835,0.2322079876494467
training window and rating specification,"Bradley-Terry ratings, 1-season training window",2022,BOS,baseline SRS strongest team,0.050045878300740844,0.04978085793428064,-0.00026502036646020716,0.8441985545273029,0.8454241904737693,6.726550511358202,6.574094687558305,1.0977682664385835,0.2322079876494467
training window and rating specification,"Bradley-Terry ratings, 1-season training window",2023,MIL,this model's strongest team,0.26571198885836217,0.2613758805122521,-0.00433610834611009,0.6122220918636967,0.612849216591829,5.269409309965805,5.213825977055836,0.9237038594121115,0.17696131971020257
training window and rating specification,"Bradley-Terry ratings, 1-season training window",2023,BOS,baseline SRS strongest team,0.19665334827325884,0.2023568097857273,0.00570346151246845,0.6122220918636967,0.612849216591829,5.269409309965805,5.213825977055836,0.9237038594121115,0.17696131971020257
training window and rating specification,"Bradley-Terry ratings, 1-season training window",2024,BOS,this model's strongest team,0.47173955551527336,0.48010047914372095,0.008360923628447592,0.8866462795044329,0.8921363016597696,7.755476179499615,7.596457927043305,0.912095719189438,0.3086814363208959
training window and rating specification,"Bradley-Terry ratings, 1-season training window",2024,BOS,baseline SRS strongest team,0.47173955551527336,0.48010047914372095,0.008360923628447592,0.8866462795044329,0.8921363016597696,7.755476179499615,7.596457927043305,0.912095719189438,0.3086814363208959
training window and rating specification,"Bradley-Terry ratings, 1-season training window",2025,OKC,this model's strongest team,0.5511876911867137,0.5598779884971374,0.0086902973104237,1.225831139117882,1.2314690135061053,7.754852777682295,7.566141464828487,0.999162251916958,0.16266138320557796
training window and rating specification,"Bradley-Terry ratings, 1-season training window",2025,OKC,baseline SRS strongest team,0.5511876911867137,0.5598779884971374,0.0086902973104237,1.225831139117882,1.2314690135061053,7.754852777682295,7.566141464828487,0.999162251916958,0.16266138320557796
training window and rating specification,"Bradley-Terry ratings, 2-season training window",2021,UTAH,this model's strongest team,0.2446094234606146,0.24411098644420048,-0.0004984370164141105,0.6842156133282845,0.6858591230850587,6.4035236764284305,6.304910952697326,0.906442541972681,0.31455919493839374
training window and rating specification,"Bradley-Terry ratings, 2-season training window",2021,UTAH,baseline SRS strongest team,0.2446094234606146,0.24411098644420048,-0.0004984370164141105,0.6842156133282845,0.6858591230850587,6.4035236764284305,6.304910952697326,0.906442541972681,0.31455919493839374
training window and rating specification,"Bradley-Terry ratings, 2-season training window",2022,PHX,this model's strongest team,0.4464639088816328,0.44874833797460434,0.0022844290929715516,0.7843677251715111,0.7872446402389655,6.726550511358202,6.564041241207779,0.9129993003675517,0.21038669136212326
training window and rating specification,"Bradley-Terry ratings, 2-season training window",2022,BOS,baseline SRS strongest team,0.05837235381074287,0.0579913324496216,-0.00038102136112126705,0.7843677251715111,0.7872446402389655,6.726550511358202,6.564041241207779,0.9129993003675517,0.21038669136212326
training window and rating specification,"Bradley-Terry ratings, 2-season training window",2023,MIL,this model's strongest team,0.28196393929209207,0.2773606780490351,-0.004603261243056989,0.6267222404738539,0.6272068253855352,5.269409309965805,5.216006715790024,0.9946641474312816,0.2020351685407569
training window and rating specification,"Bradley-Terry ratings, 2-season training window",2023,BOS,baseline SRS strongest team,0.20433408374289308,0.21014922222514035,0.005815138482247267,0.6267222404738539,0.6272068253855352,5.269409309965805,5.216006715790024,0.9946641474312816,0.2020351685407569
training window and rating specification,"Bradley-Terry ratings, 2-season training window",2024,BOS,this model's strongest team,0.4706050973912043,0.4794059645457707,0.008800867154566405,0.8851735951759002,0.8910048231189559,7.755476179499615,7.588339577347641,0.9186811891662185,0.2435313438209217
training window and rating specification,"Bradley-Terry ratings, 2-season training window",2024,BOS,baseline SRS strongest team,0.4706050973912043,0.4794059645457707,0.008800867154566405,0.8851735951759002,0.8910048231189559,7.755476179499615,7.588339577347641,0.9186811891662185,0.2435313438209217
training window and rating specification,"Bradley-Terry ratings, 2-season training window",2025,OKC,this model's strongest team,0.5429601142463053,0.5515316056973734,0.008571491451068058,1.2190503804537407,1.2246769573040397,7.754852777682295,7.574839218623247,0.9683851567837861,0.2389814609151335
training window and rating specification,"Bradley-Terry ratings, 2-season training window",2025,OKC,baseline SRS strongest team,0.5429601142463053,0.5515316056973734,0.008571491451068058,1.2190503804537407,1.2246769573040397,7.754852777682295,7.574839218623247,0.9683851567837861,0.2389814609151335
training window and rating specification,"Bradley-Terry ratings, 3-season training window",2021,UTAH,this model's strongest team,0.25274035005152357,0.2519832389950181,-0.000757111056505444,0.6910538856020381,0.692563790928149,6.4035236764284305,6.307924510595985,0.9449186468800863,0.33422279968571805
training window and rating specification,"Bradley-Terry ratings, 3-season training window",2021,UTAH,baseline SRS strongest team,0.25274035005152357,0.2519832389950181,-0.000757111056505444,0.6910538856020381,0.692563790928149,6.4035236764284305,6.307924510595985,0.9449186468800863,0.33422279968571805
training window and rating specification,"Bradley-Terry ratings, 3-season training window",2022,PHX,this model's strongest team,0.46916929757939146,0.47076318117716376,0.0015938835977722943,0.8014680473990461,0.8037474522166634,6.726550511358202,6.574681999540262,0.9504089660529128,0.28736149926299337
training window and rating specification,"Bradley-Terry ratings, 3-season training window",2022,BOS,baseline SRS strongest team,0.05665515654716147,0.056307662581396314,-0.0003474939657651527,0.8014680473990461,0.8037474522166634,6.726550511358202,6.574681999540262,0.9504089660529128,0.28736149926299337
training window and rating specification,"Bradley-Terry ratings, 3-season training window",2023,MIL,this model's strongest team,0.26562269439481995,0.2613334395025071,-0.004289254892312855,0.6119779434102136,0.6125822291911656,5.269409309965805,5.2151049186331875,0.9166813330971278,0.19715154782627203
training window and rating specification,"Bradley-Terry ratings, 3-season training window",2023,BOS,baseline SRS strongest team,0.1964075044991361,0.202028673343112,0.005621168843975899,0.6119779434102136,0.6125822291911656,5.269409309965805,5.2151049186331875,0.9166813330971278,0.19715154782627203
training window and rating specification,"Bradley-Terry ratings, 3-season training window",2024,BOS,this model's strongest team,0.49408832358740895,0.5024235516093025,0.00833522802189357,0.9017239252415784,0.9071762805924678,7.755476179499615,7.589901669650454,0.9687599043933848,0.24041400699265622
training window and rating specification,"Bradley-Terry ratings, 3-season training window",2024,BOS,baseline SRS strongest team,0.49408832358740895,0.5024235516093025,0.00833522802189357,0.9017239252415784,0.9071762805924678,7.755476179499615,7.589901669650454,0.9687599043933848,0.24041400699265622
training window and rating specification,"Bradley-Terry ratings, 3-season training window",2025,OKC,this model's strongest team,0.5350328615379997,0.5439346501021143,0.00890178856411461,1.2127441977974975,1.2186785478412288,7.754852777682295,7.571527697063941,0.9535783678834585,0.21798981263634584
training window and rating specification,"Bradley-Terry ratings, 3-season training window",2025,OKC,baseline SRS strongest team,0.5350328615379997,0.5439346501021143,0.00890178856411461,1.2127441977974975,1.2186785478412288,7.754852777682295,7.571527697063941,0.9535783678834585,0.21798981263634584
