season,team,games,wins,losses,pf,pa,conf,team_id,name,wins_espn,losses_espn,points_for,points_against,espn_seed,pf_gap,pa_gap
2021,ATL,72,41,31,8186,8019,Eastern,1,Atlanta Hawks,41,31,8186,8019,5,0,0
2021,BKN,72,48,24,8537,8213,Eastern,17,Brooklyn Nets,48,24,8537,8213,2,0,0
2021,BOS,72,36,36,8109,8004,Eastern,2,Boston Celtics,36,36,8109,8004,7,0,0
2021,CHA,72,33,39,7881,8020,Eastern,30,Charlotte Hornets,33,39,7881,8020,10,0,0
2021,CHI,72,31,41,7969,8033,Eastern,4,Chicago Bulls,31,41,7969,8033,11,0,0
2021,CLE,72,22,50,7476,8084,Eastern,5,Cleveland Cavaliers,22,50,7476,8084,13,0,0
2021,DAL,72,42,30,8096,7933,Western,6,Dallas Mavericks,42,30,8094,7933,5,2,0
2021,DEN,72,47,25,8284,7929,Western,7,Denver Nuggets,47,25,8284,7929,3,0,0
2021,DET,72,20,52,7676,7998,Eastern,8,Detroit Pistons,20,52,7676,7998,15,0,0
2021,GS,72,39,33,8187,8111,Western,9,Golden State Warriors,39,33,8187,8111,9,0,0
2021,HOU,72,17,55,7833,8402,Western,10,Houston Rockets,17,55,7833,8402,15,0,0
2021,IND,72,34,38,8302,8305,Eastern,11,Indiana Pacers,34,38,8302,8303,9,0,2
2021,LAC,72,47,25,8209,7764,Western,12,LA Clippers,47,25,8209,7764,4,0,0
2021,LAL,72,42,30,7887,7686,Western,13,Los Angeles Lakers,42,30,7887,7686,7,0,0
2021,MEM,72,38,34,8157,8083,Western,29,Memphis Grizzlies,38,34,8157,8083,8,0,0
2021,MIA,72,40,32,7781,7779,Eastern,14,Miami Heat,40,32,7781,7779,6,0,0
2021,MIL,72,46,26,8649,8225,Eastern,15,Milwaukee Bucks,46,26,8649,8225,3,0,0
2021,MIN,72,23,49,8073,8473,Western,16,Minnesota Timberwolves,23,49,8073,8473,13,0,0
2021,NO,72,31,41,8251,8272,Western,3,New Orleans Pelicans,31,41,8251,8272,11,0,0
2021,NY,72,41,31,7706,7540,Eastern,18,New York Knicks,41,31,7706,7540,4,0,0
2021,OKC,72,22,50,7560,8326,Western,25,Oklahoma City Thunder,22,50,7560,8326,14,0,0
2021,ORL,72,21,51,7488,8158,Eastern,19,Orlando Magic,21,51,7488,8158,14,0,0
2021,PHI,72,49,23,8182,7780,Eastern,20,Philadelphia 76ers,49,23,8182,7780,1,0,0
2021,PHX,72,51,21,8300,7881,Western,21,Phoenix Suns,51,21,8300,7881,2,0,0
2021,POR,72,42,30,8360,8231,Western,22,Portland Trail Blazers,42,30,8360,8231,6,0,0
2021,SA,72,33,39,7998,8123,Western,24,San Antonio Spurs,33,39,7998,8123,10,0,0
2021,SAC,72,31,41,8189,8454,Western,23,Sacramento Kings,31,41,8189,8454,12,0,0
2021,TOR,72,27,45,8011,8045,Eastern,28,Toronto Raptors,27,45,8011,8045,12,0,0
2021,UTAH,72,52,20,8382,7716,Western,26,Utah Jazz,52,20,8382,7716,1,0,0
2021,WSH,72,34,38,8398,8530,Eastern,27,Washington Wizards,34,38,8398,8530,8,0,0
2022,ATL,82,43,39,9343,9215,Eastern,1,Atlanta Hawks,43,39,9343,9215,8,0,0
2022,BKN,82,44,38,9258,9194,Eastern,17,Brooklyn Nets,44,38,9258,9191,7,0,3
2022,BOS,82,51,31,9164,8567,Eastern,2,Boston Celtics,51,31,9164,8567,2,0,0
2022,CHA,82,43,39,9457,9421,Eastern,30,Charlotte Hornets,43,39,9457,9421,10,0,0
2022,CHI,82,46,36,9152,9184,Eastern,4,Chicago Bulls,46,36,9152,9184,6,0,0
2022,CLE,82,44,38,8839,8665,Eastern,5,Cleveland Cavaliers,44,38,8839,8665,9,0,0
2022,DAL,82,52,30,8858,8587,Western,6,Dallas Mavericks,52,30,8858,8587,4,0,0
2022,DEN,82,48,34,9243,9054,Western,7,Denver Nuggets,48,34,9243,9054,6,0,0
2022,DET,82,23,59,8596,9229,Eastern,8,Detroit Pistons,23,59,8596,9229,14,0,0
2022,GS,82,53,29,9102,8648,Western,9,Golden State Warriors,53,29,9102,8648,3,0,0
2022,HOU,82,20,62,8997,9692,Western,10,Houston Rockets,20,62,8997,9692,15,0,0
2022,IND,82,25,57,9140,9425,Eastern,11,Indiana Pacers,25,57,9140,9425,13,0,0
2022,LAC,82,42,40,8890,8888,Western,12,LA Clippers,42,40,8890,8888,9,0,0
2022,LAL,82,33,49,9192,9442,Western,13,Los Angeles Lakers,33,49,9192,9442,11,0,0
2022,MEM,82,56,26,9480,9014,Western,29,Memphis Grizzlies,56,26,9480,9014,2,0,0
2022,MIA,82,53,29,9022,8657,Eastern,14,Miami Heat,53,29,9019,8657,1,3,0
2022,MIL,82,51,31,9470,9195,Eastern,15,Milwaukee Bucks,51,31,9470,9195,3,0,0
2022,MIN,82,46,36,9507,9291,Western,16,Minnesota Timberwolves,46,36,9509,9291,7,-2,0
2022,NO,82,36,46,8962,9043,Western,3,New Orleans Pelicans,36,46,8962,9043,8,0,0
2022,NY,82,37,45,8731,8741,Eastern,18,New York Knicks,37,45,8731,8741,11,0,0
2022,OKC,82,24,58,8506,9170,Western,25,Oklahoma City Thunder,24,58,8506,9170,14,0,0
2022,ORL,82,22,60,8547,9203,Eastern,19,Orlando Magic,22,60,8547,9203,15,0,0
2022,PHI,82,51,31,9015,8801,Eastern,20,Philadelphia 76ers,51,31,9015,8801,4,0,0
2022,PHX,82,64,18,9416,8801,Western,21,Phoenix Suns,64,18,9416,8803,1,0,-2
2022,POR,82,27,55,8711,9439,Western,22,Portland Trail Blazers,27,55,8711,9439,13,0,0
2022,SA,82,34,48,9279,9269,Western,24,San Antonio Spurs,34,48,9279,9269,10,0,0
2022,SAC,82,30,52,9045,9493,Western,23,Sacramento Kings,30,52,9045,9493,12,0,0
2022,TOR,82,48,34,8970,8782,Eastern,28,Toronto Raptors,48,34,8970,8782,5,0,0
2022,UTAH,82,49,33,9316,8821,Western,26,Utah Jazz,49,33,9316,8821,5,0,0
2022,WSH,82,35,47,8907,9184,Eastern,27,Washington Wizards,35,47,8907,9184,12,0,0
2023,ATL,82,41,41,9711,9687,Eastern,1,Atlanta Hawks,41,41,9711,9687,7,0,0
2023,BKN,82,45,37,9295,9225,Eastern,17,Brooklyn Nets,45,37,9295,9225,6,0,0
2023,BOS,82,57,25,9671,9136,Eastern,2,Boston Celtics,57,25,9671,9136,2,0,0
2023,CHA,82,27,55,9098,9610,Eastern,30,Charlotte Hornets,27,55,9098,9610,14,0,0
2023,CHI,82,40,42,9276,9170,Eastern,4,Chicago Bulls,40,42,9276,9170,9,0,0
2023,CLE,82,51,31,9205,8764,Eastern,5,Cleveland Cavaliers,51,31,9205,8764,4,0,0
2023,DAL,82,38,44,9366,9360,Western,6,Dallas Mavericks,38,44,9366,9360,11,0,0
2023,DEN,82,53,29,9495,9222,Western,7,Denver Nuggets,53,29,9495,9222,1,0,0
2023,DET,82,17,65,9045,9719,Eastern,8,Detroit Pistons,17,65,9045,9719,15,0,0
2023,GS,82,44,38,9753,9605,Western,9,Golden State Warriors,44,38,9753,9605,6,0,0
2023,HOU,82,22,60,9081,9725,Western,10,Houston Rockets,22,60,9081,9725,14,0,0
2023,IND,82,35,47,9535,9796,Eastern,11,Indiana Pacers,35,47,9535,9796,11,0,0
2023,LAC,82,44,38,9314,9273,Western,12,LA Clippers,44,38,9314,9273,5,0,0
2023,LAL,82,43,39,9608,9561,Western,13,Los Angeles Lakers,43,39,9608,9561,7,0,0
2023,MEM,82,51,31,9587,9264,Western,29,Memphis Grizzlies,51,31,9587,9264,2,0,0
2023,MIA,82,44,38,8977,9003,Eastern,14,Miami Heat,44,38,8977,9003,8,0,0
2023,MIL,82,58,24,9589,9291,Eastern,15,Milwaukee Bucks,58,24,9589,9291,1,0,0
2023,MIN,82,42,40,9494,9497,Western,16,Minnesota Timberwolves,42,40,9494,9497,8,0,0
2023,NO,82,42,40,9378,9223,Western,3,New Orleans Pelicans,42,40,9378,9223,10,0,0
2023,NY,82,47,35,9514,9274,Eastern,18,New York Knicks,47,35,9514,9274,5,0,0
2023,OKC,82,40,42,9633,9544,Western,25,Oklahoma City Thunder,40,42,9633,9544,9,0,0
2023,ORL,82,34,48,9136,9346,Eastern,19,Orlando Magic,34,48,9136,9346,13,0,0
2023,PHI,82,54,28,9448,9094,Eastern,20,Philadelphia 76ers,54,28,9448,9094,3,0,0
2023,PHX,82,45,37,9319,9149,Western,21,Phoenix Suns,45,37,9319,9149,4,0,0
2023,POR,82,33,49,9299,9628,Western,22,Portland Trail Blazers,33,49,9299,9628,13,0,0
2023,SA,82,22,60,9269,10092,Western,24,San Antonio Spurs,22,60,9269,10092,15,0,0
2023,SAC,82,48,34,9898,9681,Western,23,Sacramento Kings,48,34,9898,9681,3,0,0
2023,TOR,82,41,41,9254,9133,Eastern,28,Toronto Raptors,41,41,9254,9133,10,0,0
2023,UTAH,82,37,45,9600,9677,Western,26,Utah Jazz,37,45,9600,9677,12,0,0
2023,WSH,82,35,47,9279,9378,Eastern,27,Washington Wizards,35,47,9279,9378,12,0,0
2024,ATL,82,36,46,9703,9882,Eastern,1,Atlanta Hawks,36,46,9703,9880,10,0,2
2024,BKN,82,32,50,9050,9287,Eastern,17,Brooklyn Nets,32,50,9051,9287,11,-1,0
2024,BOS,82,64,18,9887,8957,Eastern,2,Boston Celtics,64,18,9887,8957,1,0,0
2024,CHA,82,21,61,8740,9580,Eastern,30,Charlotte Hornets,21,61,8740,9580,13,0,0
2024,CHI,82,39,43,9206,9324,Eastern,4,Chicago Bulls,39,43,9206,9324,9,0,0
2024,CLE,82,48,34,9236,9038,Eastern,5,Cleveland Cavaliers,48,34,9236,9038,4,0,0
2024,DAL,82,50,32,9664,9483,Western,6,Dallas Mavericks,50,32,9664,9483,5,0,0
2024,DEN,82,57,25,9418,8987,Western,7,Denver Nuggets,57,25,9418,8987,2,0,0
2024,DET,82,14,68,9010,9757,Eastern,8,Detroit Pistons,14,68,9010,9757,15,0,0
2024,GS,82,46,36,9657,9443,Western,9,Golden State Warriors,46,36,9657,9443,10,0,0
2024,HOU,82,41,41,9375,9283,Western,10,Houston Rockets,41,41,9375,9283,11,0,0
2024,IND,82,47,35,10110,9860,Eastern,11,Indiana Pacers,47,35,10110,9860,6,0,0
2024,LAC,82,51,31,9481,9212,Western,12,LA Clippers,51,31,9481,9212,4,0,0
2024,LAL,82,47,35,9679,9630,Western,13,Los Angeles Lakers,47,35,9679,9630,7,0,0
2024,MEM,82,27,55,8677,9251,Western,29,Memphis Grizzlies,27,55,8677,9251,13,0,0
2024,MIA,82,46,36,9032,8888,Eastern,14,Miami Heat,46,36,9032,8888,8,0,0
2024,MIL,82,49,33,9756,9541,Eastern,15,Milwaukee Bucks,49,33,9756,9541,3,0,0
2024,MIN,82,56,26,9264,8735,Western,16,Minnesota Timberwolves,56,26,9264,8735,3,0,0
2024,NO,82,49,33,9436,9074,Western,3,New Orleans Pelicans,49,33,9436,9074,8,0,0
2024,NY,82,50,32,9249,8873,Eastern,18,New York Knicks,50,32,9249,8873,2,0,0
2024,OKC,82,57,25,9847,9239,Western,25,Oklahoma City Thunder,57,25,9847,9239,1,0,0
2024,ORL,82,47,35,9058,8892,Eastern,19,Orlando Magic,47,35,9058,8893,5,0,-1
2024,PHI,82,47,35,9397,9147,Eastern,20,Philadelphia 76ers,47,35,9395,9147,7,2,0
2024,PHX,82,49,33,9532,9281,Western,21,Phoenix Suns,49,33,9532,9281,6,0,0
2024,POR,82,21,61,8722,9462,Western,22,Portland Trail Blazers,21,61,8722,9462,15,0,0
2024,SA,82,22,60,9192,9724,Western,24,San Antonio Spurs,22,60,9192,9724,14,0,0
2024,SAC,82,46,36,9558,9415,Western,23,Sacramento Kings,46,36,9558,9415,9,0,0
2024,TOR,82,25,57,9213,9741,Eastern,28,Toronto Raptors,25,57,9213,9741,12,0,0
2024,UTAH,82,31,51,9484,9885,Western,26,Utah Jazz,31,51,9484,9885,12,0,0
2024,WSH,82,15,67,9327,10089,Eastern,27,Washington Wizards,15,67,9327,10089,14,0,0
2025,ATL,82,40,42,9691,9784,Eastern,1,Atlanta Hawks,40,42,9691,9784,9,0,0
2025,BKN,82,26,56,8619,9202,Eastern,17,Brooklyn Nets,26,56,8619,9202,12,0,0
2025,BOS,82,61,21,9534,8787,Eastern,2,Boston Celtics,61,21,9534,8787,2,0,0
2025,CHA,82,19,63,8618,9365,Eastern,30,Charlotte Hornets,19,63,8618,9365,14,0,0
2025,CHI,82,39,43,9660,9788,Eastern,4,Chicago Bulls,39,43,9660,9788,10,0,0
2025,CLE,82,64,18,9999,9217,Eastern,5,Cleveland Cavaliers,64,18,9999,9218,1,0,-1
2025,DAL,82,39,43,9364,9462,Western,6,Dallas Mavericks,39,43,9364,9462,10,0,0
2025,DEN,82,50,32,9902,9583,Western,7,Denver Nuggets,50,32,9902,9583,4,0,0
2025,DET,82,44,38,9471,9315,Eastern,8,Detroit Pistons,44,38,9471,9315,6,0,0
2025,GS,82,48,34,9331,9060,Western,9,Golden State Warriors,48,34,9331,9060,7,0,0
2025,HOU,82,52,30,9372,9002,Western,10,Houston Rockets,52,30,9372,9002,2,0,0
2025,IND,82,50,32,9624,9441,Eastern,11,Indiana Pacers,50,32,9624,9441,4,0,0
2025,LAC,82,50,32,9256,8874,Western,12,LA Clippers,50,32,9256,8874,5,0,0
2025,LAL,82,50,32,9298,9198,Western,13,Los Angeles Lakers,50,32,9298,9198,3,0,0
2025,MEM,82,48,34,9980,9582,Western,29,Memphis Grizzlies,48,34,9980,9582,8,0,0
2025,MIA,82,37,45,9069,9023,Eastern,14,Miami Heat,37,45,9069,9023,8,0,0
2025,MIL,82,48,34,9472,9269,Eastern,15,Milwaukee Bucks,48,34,9472,9269,5,0,0
2025,MIN,82,49,33,9372,8962,Western,16,Minnesota Timberwolves,49,33,9372,8962,6,0,0
2025,NO,82,21,61,9006,9779,Western,3,New Orleans Pelicans,21,61,9006,9779,14,0,0
2025,NY,82,51,31,9494,9158,Eastern,18,New York Knicks,51,31,9495,9158,3,-1,0
2025,OKC,82,68,14,9881,8826,Western,25,Oklahoma City Thunder,68,14,9881,8826,1,0,0
2025,ORL,82,41,41,8645,8655,Eastern,19,Orlando Magic,41,41,8645,8655,7,0,0
2025,PHI,82,24,58,8988,9499,Eastern,20,Philadelphia 76ers,24,58,8988,9499,13,0,0
2025,PHX,82,36,46,9317,9563,Western,21,Phoenix Suns,36,46,9317,9563,11,0,0
2025,POR,82,36,46,9093,9337,Western,22,Portland Trail Blazers,36,46,9093,9337,12,0,0
2025,SA,82,34,48,9342,9568,Western,24,San Antonio Spurs,34,48,9342,9568,13,0,0
2025,SAC,82,40,42,9490,9451,Western,23,Sacramento Kings,40,42,9490,9451,9,0,0
2025,TOR,82,30,52,9091,9443,Eastern,28,Toronto Raptors,30,52,9091,9443,11,0,0
2025,UTAH,82,17,65,9175,9941,Western,26,Utah Jazz,17,65,9175,9941,15,0,0
2025,WSH,82,18,64,8856,9876,Eastern,27,Washington Wizards,18,64,8856,9876,15,0,0
